"Symbol","Name","LastSale","MarketCap","ADR TSO","IPOyear","Sector","Industry","Summary Quote",
"AXAS","Abraxas Petroleum Corporation","4.13","435238823.39","n/a","n/a","Energy","Oil & Gas Production","http://www.nasdaq.com/symbol/axas",
"AE","Adams Resources & Energy, Inc.","43.78","184646352.88","n/a","n/a","Energy","Oil Refining/Marketing","http://www.nasdaq.com/symbol/ae",
"AAV","Advantage Oil & Gas Ltd","4.35","738584177.1","n/a","n/a","Energy","Oil & Gas Production","http://www.nasdaq.com/symbol/aav",
"ANW","Aegean Marine Petroleum Network Inc.","8.22","396596669.4","n/a","2006","Energy","Oil Refining/Marketing","http://www.nasdaq.com/symbol/anw",
"AHGP","Alliance Holdings GP, L.P.","67.82","4059908660","n/a","2006","Energy","Coal Mining","http://www.nasdaq.com/symbol/ahgp",
"ARLP","Alliance Resource Partners, L.P.","44.25","3277183054.5","n/a","1999","Energy","Coal Mining","http://www.nasdaq.com/symbol/arlp",
"ALJ","Alon USA Energy, Inc.","14.95","1037084071.4","n/a","2005","Energy","Integrated oil Companies","http://www.nasdaq.com/symbol/alj",
"ALDW","Alon USA Partners, LP","18.55","1159496502.5","n/a","2012","Energy","Integrated oil Companies","http://www.nasdaq.com/symbol/aldw",
"ANR","Alpha Natural Resources, inc.","2.15","476117308.65","n/a","2005","Energy","Coal Mining","http://www.nasdaq.com/symbol/anr",
"ADGE","American DG Energy Inc.","0.95","50091670.3","n/a","n/a","Energy","Electric Utilities: Central","http://www.nasdaq.com/symbol/adge",
"AETI","American Electric Technologies, Inc.","6.69","54710525.64","n/a","n/a","Energy","Industrial Machinery/Components","http://www.nasdaq.com/symbol/aeti",
"APC","Anadarko Petroleum Corporation","92.17","46634604087.63","n/a","n/a","Energy","Oil & Gas Production","http://www.nasdaq.com/symbol/apc",
"AMCF","Andatee China Marine Fuel Services Corporation","2.16","22152556.08","n/a","2010","Energy","Oil Refining/Marketing","http://www.nasdaq.com/symbol/amcf",
"AR","Antero Resources Corporation","48.44","12693685481.96","n/a","2013","Energy","Oil & Gas Production","http://www.nasdaq.com/symbol/ar",
"APA","Apache Corporation","76.08","29098548731.04","n/a","n/a","Energy","Oil & Gas Production","http://www.nasdaq.com/symbol/apa",
"APAGF","Apco Oil and Gas International Inc.","13.84","407466789.28","n/a","n/a","Energy","Oil & Gas Production","http://www.nasdaq.com/symbol/apagf",
"AREX","Approach Resources Inc.","10.23","402754956.78","n/a","2007","Energy","Oil & Gas Production","http://www.nasdaq.com/symbol/arex",
"ARCX","Arc Logistic Partners LP","23","297827713","n/a","2013","Energy","Oil Refining/Marketing","http://www.nasdaq.com/symbol/arcx",
"ACI","Arch Coal, Inc.","1.84","390595198.16","n/a","n/a","Energy","Coal Mining","http://www.nasdaq.com/symbol/aci",
"ATHL","ATHLON ENERGY INC.","58.08","5652313772.16","n/a","2013","Energy","Oil & Gas Production","http://www.nasdaq.com/symbol/athl",
"AT","Atlantic Power Corporation","2.31","278967219.3","n/a","n/a","Energy","Electric Utilities: Central","http://www.nasdaq.com/symbol/at",
"ARP","Atlas Resource Partners, L.P.","16.99","1385190044.74","n/a","2005","Energy","Oil & Gas Production","http://www.nasdaq.com/symbol/arp",
"ATW","Atwood Oceanics, Inc.","42.34","2724282620","n/a","n/a","Energy","Oil & Gas Production","http://www.nasdaq.com/symbol/atw",
"BWC","Babcock & Wilcox Company (The)","28.48","3060498649.92","n/a","n/a","Energy","Industrial Machinery/Components","http://www.nasdaq.com/symbol/bwc",
"BHI","Baker Hughes Incorporated","54.12","23412257230.56","n/a","n/a","Energy","Metal Fabrications","http://www.nasdaq.com/symbol/bhi",
"BLDP","Ballard Power Systems, Inc.","2.87","379009545.25","n/a","n/a","Energy","Industrial Machinery/Components","http://www.nasdaq.com/symbol/bldp",
"BRN","Barnwell Industries, Inc.","2.592","21454398.72","n/a","n/a","Energy","Oil & Gas Production","http://www.nasdaq.com/symbol/brn",
"BAS","Basic Energy Services, Inc.","14.85","641531256.3","n/a","2005","Energy","Oilfield Services/Equipment","http://www.nasdaq.com/symbol/bas",
"BTE","Baytex Energy Corp","32.23","5373040094.4","n/a","n/a","Energy","Oil & Gas Production","http://www.nasdaq.com/symbol/bte",
"BXE","Bellatrix Exploration Ltd","5.09","974149191.9","n/a","n/a","Energy","Oil & Gas Production","http://www.nasdaq.com/symbol/bxe",
"BBL","BHP Billiton plc","53.29","141851662470.5","n/a","n/a","Energy","Coal Mining","http://www.nasdaq.com/symbol/bbl",
"BBG","Bill Barrett Corporation","15.33","760938843.21","n/a","2004","Energy","Oil & Gas Production","http://www.nasdaq.com/symbol/bbg",
"BKEP","Blueknight Energy Partners L.P., L.L.C.","7.59","174001448.28","n/a","2011","Energy","Natural Gas Distribution","http://www.nasdaq.com/symbol/bkep",
"BKEPP","Blueknight Energy Partners L.P., L.L.C.","8.65","260872054.35","n/a","n/a","Energy","Natural Gas Distribution","http://www.nasdaq.com/symbol/bkepp",
"BOLT","Bolt Technology Corporation","21.89","190661330.86","n/a","n/a","Energy","Metal Fabrications","http://www.nasdaq.com/symbol/bolt",
"BCEI","Bonanza Creek Energy, Inc.","42.96","1772693363.52","n/a","2011","Energy","Oil & Gas Production","http://www.nasdaq.com/symbol/bcei",
"BP","BP p.l.c.","42.17","128712111454.03","n/a","n/a","Energy","Integrated oil Companies","http://www.nasdaq.com/symbol/bp",
"BPT","BP Prudhoe Bay Royalty Trust","86.81","1857734000","n/a","n/a","Energy","Integrated oil Companies","http://www.nasdaq.com/symbol/bpt",
"BPZ","BPZ Resources, Inc","1.38","163609112.64","n/a","n/a","Energy","Oil & Gas Production","http://www.nasdaq.com/symbol/bpz",
"BBEP","BreitBurn Energy Partners, L.P.","17.01","2049251955.66","n/a","2006","Energy","Oil & Gas Production","http://www.nasdaq.com/symbol/bbep",
"BBEPP","BreitBurn Energy Partners, L.P.","25.2301","201840800","n/a","n/a","Energy","Oil & Gas Production","http://www.nasdaq.com/symbol/bbepp",
"BGG","Briggs & Stratton Corporation","19.42","889582601.58","n/a","n/a","Energy","Industrial Machinery/Components","http://www.nasdaq.com/symbol/bgg",
"BC","Brunswick Corporation","44.89","4169856520.16","n/a","n/a","Energy","Industrial Machinery/Components","http://www.nasdaq.com/symbol/bc",
"BPL","Buckeye Partners L.P.","78.43","9351827477.41","n/a","1986","Energy","Natural Gas Distribution","http://www.nasdaq.com/symbol/bpl",
"CJES","C&J Energy Services, Inc.","20.68","1144535820.12","n/a","2011","Energy","Oilfield Services/Equipment","http://www.nasdaq.com/symbol/cjes",
"COG","Cabot Oil & Gas Corporation","31.44","13119727290","n/a","1990","Energy","Oil & Gas Production","http://www.nasdaq.com/symbol/cog",
"DVR","Cal Dive International, Inc.","0.3","29579126.7","n/a","2006","Energy","Oilfield Services/Equipment","http://www.nasdaq.com/symbol/dvr",
"CPE","Callon Petroleum Company","6.27","346668544.53","n/a","n/a","Energy","Oil & Gas Production","http://www.nasdaq.com/symbol/cpe",
"CPE-A","Callon Petroleum Company","50.9","0","n/a","n/a","Energy","Oil & Gas Production","http://www.nasdaq.com/symbol/cpe^a",
"CLMT","Calumet Specialty Products Partners, L.P.","27.94","1936724747.32","n/a","2006","Energy","Integrated oil Companies","http://www.nasdaq.com/symbol/clmt",
"CAK","CAMAC Energy Inc.","0.47","592928879.29","n/a","n/a","Energy","Oil & Gas Production","http://www.nasdaq.com/symbol/cak",
"CAM","Cameron International Corporation","60.35","12245103292.05","n/a","n/a","Energy","Metal Fabrications","http://www.nasdaq.com/symbol/cam",
"CNQ","Canadian Natural Resources Limited","35.2","38449706556.8","n/a","n/a","Energy","Oil & Gas Production","http://www.nasdaq.com/symbol/cnq",
"CPST","Capstone Turbine Corporation","0.87","286852006.5","n/a","2000","Energy","Industrial Machinery/Components","http://www.nasdaq.com/symbol/cpst",
"CRZO","Carrizo Oil & Gas, Inc.","48.53","2233766841.81","n/a","1997","Energy","Oil & Gas Production","http://www.nasdaq.com/symbol/crzo",
"CVE","Cenovus Energy Inc","24.86","18818601979.1","n/a","n/a","Energy","Oil & Gas Production","http://www.nasdaq.com/symbol/cve",
"CGG","CGG","6.82","1200764609.44","n/a","n/a","Energy","Oil & Gas Production","http://www.nasdaq.com/symbol/cgg",
"CHK","Chesapeake Energy Corporation","21.79","14507251478.87","n/a","n/a","Energy","Oil & Gas Production","http://www.nasdaq.com/symbol/chk",
"CHKR","Chesapeake Granite Wash Trust","10.29","481057500","n/a","2011","Energy","Oil & Gas Production","http://www.nasdaq.com/symbol/chkr",
"CVX","Chevron Corporation","116.19","220636888746.75","n/a","n/a","Energy","Integrated oil Companies","http://www.nasdaq.com/symbol/cvx",
"MY","China Ming Yang Wind Power Group Limited","2.37","290372881.11","n/a","2010","Energy","Industrial Machinery/Components","http://www.nasdaq.com/symbol/my",
"SNP","China Petroleum & Chemical Corporation","85.7","100093780008.2","n/a","n/a","Energy","Integrated oil Companies","http://www.nasdaq.com/symbol/snp",
"CYD","China Yuchai International Limited","18.03","688668579.18","n/a","1994","Energy","Industrial Machinery/Components","http://www.nasdaq.com/symbol/cyd",
"XEC","Cimarex Energy Co","111.23","9679449830.05","n/a","n/a","Energy","Oil & Gas Production","http://www.nasdaq.com/symbol/xec",
"CKX","CKX Lands, Inc.","15.91","30905095.45","n/a","n/a","Energy","Oil & Gas Production","http://www.nasdaq.com/symbol/ckx",
"CWEI","Clayton Williams Energy, Inc.","72.38","880541495.68","n/a","1993","Energy","Oil & Gas Production","http://www.nasdaq.com/symbol/cwei",
"CLD","Cloud Peak Energy Inc","10.87","662297784.33","n/a","2009","Energy","Coal Mining","http://www.nasdaq.com/symbol/cld",
"CEO","CNOOC Limited","161.05","1534612112.65","n/a","2001","Energy","Oil & Gas Production","http://www.nasdaq.com/symbol/ceo",
"CIE","Cobalt International Energy, Inc.","11.22","4628582773.98","n/a","2009","Energy","Oil & Gas Production","http://www.nasdaq.com/symbol/cie",
"GSJK","Compressco Partners, L.P.","23.71","785799522.94","n/a","2011","Energy","Oilfield Services/Equipment","http://www.nasdaq.com/symbol/gsjk",
"CRK","Comstock Resources, Inc.","11.86","567626502.52","n/a","n/a","Energy","Oil & Gas Production","http://www.nasdaq.com/symbol/crk",
"CXO","Concho Resources Inc.","110.92","12528497633.68","n/a","2007","Energy","Oil & Gas Production","http://www.nasdaq.com/symbol/cxo",
"COP","ConocoPhillips","70","86069755520","n/a","n/a","Energy","Integrated oil Companies","http://www.nasdaq.com/symbol/cop",
"CNX","CONSOL Energy Inc.","34.78","8005201860.48","n/a","1999","Energy","Coal Mining","http://www.nasdaq.com/symbol/cnx",
"MCF","Contango Oil & Gas Company","34.12","661253993.52","n/a","n/a","Energy","Oil & Gas Production","http://www.nasdaq.com/symbol/mcf",
"CLR","Continental Resources, Inc.","57.88","43088151545.92","n/a","2007","Energy","Oil & Gas Production","http://www.nasdaq.com/symbol/clr",
"CLB","Core Laboratories N.V.","128.62","5713416158","n/a","1995","Energy","Oilfield Services/Equipment","http://www.nasdaq.com/symbol/clb",
"CPG","Crescent Point Energy Corporation","33.91","15006302880.51","n/a","n/a","Energy","Oil & Gas Production","http://www.nasdaq.com/symbol/cpg",
"CRT","Cross Timbers Royalty Trust","27.09","162540000","n/a","1992","Energy","Oil & Gas Production","http://www.nasdaq.com/symbol/crt",
"CMI","Cummins Inc.","136.36","25078380361.72","n/a","n/a","Energy","Industrial Machinery/Components","http://www.nasdaq.com/symbol/cmi",
"CVI","CVR Energy Inc.","45.03","3910002181.5","n/a","2007","Energy","Integrated oil Companies","http://www.nasdaq.com/symbol/cvi",
"CVRR","CVR Refining, LP","24.64","3636864000","n/a","2013","Energy","Integrated oil Companies","http://www.nasdaq.com/symbol/cvrr",
"CELP","Cypress Energy Partners, L.P.","22.86","270342360","n/a","2014","Energy","Oilfield Services/Equipment","http://www.nasdaq.com/symbol/celp",
"DAKP","Dakota Plains Holdings, Inc.","1.9","104311495.3","n/a","n/a","Energy","Oil Refining/Marketing","http://www.nasdaq.com/symbol/dakp",
"DWSN","Dawson Geophysical Company","17.2","138704807.6","n/a","1981","Energy","Oil & Gas Production","http://www.nasdaq.com/symbol/dwsn",
"DEJ","Dejour Energy Inc.","0.2613","47661678.9207","n/a","n/a","Energy","Oil & Gas Production","http://www.nasdaq.com/symbol/dej",
"DKL","Delek Logistics Partners, L.P.","40.39","976755610.95","n/a","2012","Energy","Natural Gas Distribution","http://www.nasdaq.com/symbol/dkl",
"DK","Delek US Holdings, Inc.","31.74","1918682841.3","n/a","2006","Energy","Integrated oil Companies","http://www.nasdaq.com/symbol/dk",
"DNR","Denbury Resources Inc.","12.57","4428276526.14","n/a","n/a","Energy","Oil & Gas Production","http://www.nasdaq.com/symbol/dnr",
"DVN","Devon Energy Corporation","60.01","24550091000","n/a","n/a","Energy","Oil & Gas Production","http://www.nasdaq.com/symbol/dvn",
"DO","Diamond Offshore Drilling, Inc.","39.6","5430977204.4","n/a","1995","Energy","Oil & Gas Production","http://www.nasdaq.com/symbol/do",
"FANG","Diamondback Energy, Inc.","67.22","3809401697.98","n/a","2012","Energy","Oil & Gas Production","http://www.nasdaq.com/symbol/fang",
"DOM","Dominion Resources Black Warrior Trust","7.19","56441500","n/a","1994","Energy","Coal Mining","http://www.nasdaq.com/symbol/dom",
"DMLP","Dorchester Minerals, L.P.","28.51","874556537.81","n/a","n/a","Energy","Oil & Gas Production","http://www.nasdaq.com/symbol/dmlp",
"DRC","Dresser-Rand Group Inc.","81.38","6235032133.98","n/a","2005","Energy","Industrial Machinery/Components","http://www.nasdaq.com/symbol/drc",
"DRQ","Dril-Quip, Inc.","91.01","3638322696.75","n/a","1997","Energy","Metal Fabrications","http://www.nasdaq.com/symbol/drq",
"EROC","Eagle Rock Energy Partners, L.P.","3.48","556332844.8","n/a","2006","Energy","Oil & Gas Production","http://www.nasdaq.com/symbol/eroc",
"ESTE","Earthstone Energy, Inc.","25.5201","44339132.142","n/a","n/a","Energy","Oil & Gas Production","http://www.nasdaq.com/symbol/este",
"ECT","ECA Marcellus Trust I","5.23","92074150","n/a","2010","Energy","Oil & Gas Production","http://www.nasdaq.com/symbol/ect",
"ECR","Eclipse Resources Corporation","12.85","2056000000","n/a","2014","Energy","Oil & Gas Production","http://www.nasdaq.com/symbol/ecr",
"EC","Ecopetrol S.A.","28.61","532502280.33","n/a","n/a","Energy","Oil & Gas Production","http://www.nasdaq.com/symbol/ec",
"EOX","Emerald Oil, Inc.","3.42","227352940.56","n/a","n/a","Energy","Oil & Gas Production","http://www.nasdaq.com/symbol/eox",
"EMES","Emerge Energy Services LP","93.94","2228159196.34","n/a","2013","Energy","Oilfield Services/Equipment","http://www.nasdaq.com/symbol/emes",
"EMR","Emerson Electric Company","62.05","43305641200.45","n/a","n/a","Energy","Consumer Electronics/Appliances","http://www.nasdaq.com/symbol/emr",
"EEQ","Enbridge Energy Management LLC","35.81","2408612435.09","n/a","2002","Energy","Oil & Gas Production","http://www.nasdaq.com/symbol/eeq",
"EEP","Enbridge Energy, L.P.","36.54","11993550106.86","n/a","n/a","Energy","Natural Gas Distribution","http://www.nasdaq.com/symbol/eep",
"ENB","Enbridge Inc","46.55","39410763915.6","n/a","n/a","Energy","Natural Gas Distribution","http://www.nasdaq.com/symbol/enb",
"ECA","Encana Corporation","18.49","13700377580.3","n/a","n/a","Energy","Oil & Gas Production","http://www.nasdaq.com/symbol/eca",
"NDRO","Enduro Royalty Trust","9.23","304590000","n/a","2011","Energy","Oil & Gas Production","http://www.nasdaq.com/symbol/ndro",
"EGN","Energen Corporation","62.3","4560024763.7","n/a","n/a","Energy","Oil & Gas Production","http://www.nasdaq.com/symbol/egn",
"EXXI","Energy XXI (Bermuda) Limited","7.98","749065091.88","n/a","n/a","Energy","Oil & Gas Production","http://www.nasdaq.com/symbol/exxi",
"ENRJ","EnerJex Resources, Inc.","6.22","47540169.08","n/a","n/a","Energy","Oil & Gas Production","http://www.nasdaq.com/symbol/enrj",
"ERF","Enerplus Corporation","15.41","3165565163.08","n/a","n/a","Energy","Oil & Gas Production","http://www.nasdaq.com/symbol/erf",
"E","ENI S.p.A.","41.77","75899960617.05","n/a","n/a","Energy","Oil & Gas Production","http://www.nasdaq.com/symbol/e",
"ESV","ENSCO plc","39.56","9269241886.4","n/a","n/a","Energy","Oil & Gas Production","http://www.nasdaq.com/symbol/esv",
"ENSV","ENSERVCO Corporation","2.88","106114023.36","n/a","n/a","Energy","Oilfield Services/Equipment","http://www.nasdaq.com/symbol/ensv",
"EOG","EOG Resources, Inc.","93.4","51132345007.6","n/a","n/a","Energy","Oil & Gas Production","http://www.nasdaq.com/symbol/eog",
"EPE","EP Energy Corporation","14.6","3588121929.6","n/a","2014","Energy","Oil & Gas Production","http://www.nasdaq.com/symbol/epe",
"EQT","EQT Corporation","87.65","13279150300","n/a","n/a","Energy","Oil & Gas Production","http://www.nasdaq.com/symbol/eqt",
"ESCR","Escalera Resources Co.","1.47","20963523","n/a","n/a","Energy","Oil & Gas Production","http://www.nasdaq.com/symbol/escr",
"ESCRP","Escalera Resources Co.","21.99","0","n/a","n/a","Energy","Oil & Gas Production","http://www.nasdaq.com/symbol/escrp",
"EVEP","EV Energy Partners, L.P.","33.14","1609676709.66","n/a","2006","Energy","Oil & Gas Production","http://www.nasdaq.com/symbol/evep",
"EPM","Evolution Petroleum Corporation, Inc.","9.19","301371474.66","n/a","n/a","Energy","Oil & Gas Production","http://www.nasdaq.com/symbol/epm",
"XCO","EXCO Resources NL","2.8","763658565.6","n/a","2006","Energy","Oil & Gas Production","http://www.nasdaq.com/symbol/xco",
"XOM","Exxon Mobil Corporation","94.11","401350166755.08","n/a","n/a","Energy","Integrated oil Companies","http://www.nasdaq.com/symbol/xom",
"FPP","FieldPoint Petroleum Corporation","3.04","24670749.12","n/a","n/a","Energy","Oil & Gas Production","http://www.nasdaq.com/symbol/fpp",
"FTI","FMC Technologies, Inc.","54.41","12778592820.71","n/a","n/a","Energy","Metal Fabrications","http://www.nasdaq.com/symbol/fti",
"FES","Forbes Energy Services Ltd","3.12","67990175.76","n/a","n/a","Energy","Oilfield Services/Equipment","http://www.nasdaq.com/symbol/fes",
"FELP","Foresight Energy LP","17.58","2277494098.2","n/a","2014","Energy","Coal Mining","http://www.nasdaq.com/symbol/felp",
"FST","Forest Oil Corporation","1.15","137239345.15","n/a","n/a","Energy","Oil & Gas Production","http://www.nasdaq.com/symbol/fst",
"FET","Forum Energy Technologies, Inc.","26.12","2451450311.72","n/a","2012","Energy","Metal Fabrications","http://www.nasdaq.com/symbol/fet",
"FI","Frank&#39;s International N.V.","17.47","2682064280","n/a","2013","Energy","Oilfield Services/Equipment","http://www.nasdaq.com/symbol/fi",
"FXEN","FX Energy, Inc.","2.94","158984663.04","n/a","n/a","Energy","Oil & Gas Production","http://www.nasdaq.com/symbol/fxen",
"FXENP","FX Energy, Inc.","22","17600000","n/a","n/a","Energy","Oil & Gas Production","http://www.nasdaq.com/symbol/fxenp",
"GST","Gastar Exploration Inc.","4.03","249037972.69","n/a","n/a","Energy","Oil & Gas Production","http://www.nasdaq.com/symbol/gst",
"GE","General Electric Company","25.44","255262511501.76","n/a","n/a","Energy","Consumer Electronics/Appliances","http://www.nasdaq.com/symbol/ge",
"GEL","Genesis Energy, L.P.","49.41","4382221568.85","n/a","1996","Energy","Oil Refining/Marketing","http://www.nasdaq.com/symbol/gel",
"GPRK","Geopark Ltd","8.1","468695281.5","n/a","2014","Energy","Oil & Gas Production","http://www.nasdaq.com/symbol/gprk",
"GLP","Global Partners LP","39.98","1096673908.74","n/a","2005","Energy","Oil Refining/Marketing","http://www.nasdaq.com/symbol/glp",
"GLRI","Glori Energy Inc","5.58","164146642.38","n/a","n/a","Energy","Oil & Gas Production","http://www.nasdaq.com/symbol/glri",
"GDP","Goodrich Petroleum Corporation","9.52","422952370.4","n/a","n/a","Energy","Oil & Gas Production","http://www.nasdaq.com/symbol/gdp",
"GTI","GrafTech International Ltd","4.72","642757658.4","n/a","n/a","Energy","Industrial Machinery/Components","http://www.nasdaq.com/symbol/gti",
"GTE","Gran Tierra Energy Inc.","4.9","1348890997.3","n/a","n/a","Energy","Oil & Gas Production","http://www.nasdaq.com/symbol/gte",
"GULTU","Gulf Coast Ultra Deep Royalty Trust","1.76","405103944.96","n/a","n/a","Energy","Oil & Gas Production","http://www.nasdaq.com/symbol/gultu",
"GLF","GulfMark Offshore, Inc.","28.56","752214965.04","n/a","n/a","Energy","Metal Fabrications","http://www.nasdaq.com/symbol/glf",
"GPOR","Gulfport Energy Corporation","49.28","4213413635.2","n/a","n/a","Energy","Oil & Gas Production","http://www.nasdaq.com/symbol/gpor",
"HK","Halcon Resources Corporation","3.1","1306869861.3","n/a","n/a","Energy","Oil & Gas Production","http://www.nasdaq.com/symbol/hk",
"HNRG","Hallador Energy Company","10.66","306698860","n/a","n/a","Energy","Coal Mining","http://www.nasdaq.com/symbol/hnrg",
"HAL","Halliburton Company","55.85","47501969811","n/a","n/a","Energy","Oilfield Services/Equipment","http://www.nasdaq.com/symbol/hal",
"HNR","Harvest Natural Resources Inc","3.06","128806829.1","n/a","n/a","Energy","Oil & Gas Production","http://www.nasdaq.com/symbol/hnr",
"HLX","Helix Energy Solutions Group, Inc.","25.58","2699752567.62","n/a","n/a","Energy","Oilfield Services/Equipment","http://www.nasdaq.com/symbol/hlx",
"HP","Helmerich & Payne, Inc.","88.61","9589986406.49","n/a","n/a","Energy","Oil & Gas Production","http://www.nasdaq.com/symbol/hp",
"HERO","Hercules Offshore, Inc.","1.55","249208787.65","n/a","2005","Energy","Oil & Gas Production","http://www.nasdaq.com/symbol/hero",
"HES","Hess Corporation","82.22","25301112747.66","n/a","n/a","Energy","Integrated oil Companies","http://www.nasdaq.com/symbol/hes",
"HEP","Holly Energy Partners, L.P.","34.74","2037745847.52","n/a","2004","Energy","Natural Gas Distribution","http://www.nasdaq.com/symbol/hep",
"HFC","HollyFrontier Corporation","44.48","8831622227.84","n/a","n/a","Energy","Integrated oil Companies","http://www.nasdaq.com/symbol/hfc",
"HOLI","Hollysys Automation Technologies, Ltd.","23.23","1336998561.52","n/a","n/a","Energy","Industrial Machinery/Components","http://www.nasdaq.com/symbol/holi",
"HUSA","Houston American Energy Corporation","0.26","13564185.7","n/a","n/a","Energy","Oil & Gas Production","http://www.nasdaq.com/symbol/husa",
"HGT","Hugoton Royalty Trust","9.15","366000000","n/a","1999","Energy","Oil & Gas Production","http://www.nasdaq.com/symbol/hgt",
"HDY","HyperDynamics Corporation","1.675","35253039.925","n/a","n/a","Energy","Oil & Gas Production","http://www.nasdaq.com/symbol/hdy",
"IEP","Icahn Enterprises L.P.","102.08","12252802964.16","n/a","n/a","Energy","Integrated oil Companies","http://www.nasdaq.com/symbol/iep",
"IPWR","Ideal Power Inc.","6.95","48756633.85","n/a","2013","Energy","Industrial Machinery/Components","http://www.nasdaq.com/symbol/ipwr",
"IMO","Imperial Oil Limited","46.21","39167550298.31","n/a","n/a","Energy","Integrated oil Companies","http://www.nasdaq.com/symbol/imo",
"ICD","Independence Contract Drilling, Inc.","7.81","190213760.55","n/a","2014","Energy","Oil & Gas Production","http://www.nasdaq.com/symbol/icd",
"IOC","InterOil Corporation","53.78","2694916768.04","n/a","n/a","Energy","Oil & Gas Production","http://www.nasdaq.com/symbol/ioc",
"IO","Ion Geophysical Corporation","2.67","438109649.37","n/a","n/a","Energy","Oil & Gas Production","http://www.nasdaq.com/symbol/io",
"ISRL","Isramco, Inc.","129.99","353272653.09","n/a","1983","Energy","Oil & Gas Production","http://www.nasdaq.com/symbol/isrl",
"IVAN","Ivanhoe Energy, Inc.","1.52","24933266.8","n/a","n/a","Energy","Oil & Gas Production","http://www.nasdaq.com/symbol/ivan",
"JONE","Jones Energy, Inc.","12.57","620207709.27","n/a","2013","Energy","Oil & Gas Production","http://www.nasdaq.com/symbol/jone",
"JOY","Joy Global Inc.","52.7","5173849429.7","n/a","n/a","Energy","Industrial Machinery/Components","http://www.nasdaq.com/symbol/joy",
"KEG","Key Energy Services, Inc.","3.75","575758068.75","n/a","n/a","Energy","Oilfield Services/Equipment","http://www.nasdaq.com/symbol/keg",
"KMR","Kinder Morgan Management, LLC","95.4","12742165299.6","n/a","n/a","Energy","Natural Gas Distribution","http://www.nasdaq.com/symbol/kmr",
"KOG","Kodiak Oil & Gas Corp.","11.1","2966518412.1","n/a","n/a","Energy","Oil & Gas Production","http://www.nasdaq.com/symbol/kog",
"PHG","Koninklijke Philips N.V.","26.71","24572478830","n/a","n/a","Energy","Consumer Electronics/Appliances","http://www.nasdaq.com/symbol/phg",
"KOS","Kosmos Energy Ltd.","9.29","3593652743.8","n/a","2011","Energy","Oil & Gas Production","http://www.nasdaq.com/symbol/kos",
"LPI","Laredo Petroleum, Inc.","19.06","2740112182.64","n/a","2011","Energy","Oil & Gas Production","http://www.nasdaq.com/symbol/lpi",
"LGCY","Legacy Reserves LP","23.44","1586101212.96","n/a","2007","Energy","Oil & Gas Production","http://www.nasdaq.com/symbol/lgcy",
"LGCYO","Legacy Reserves LP","24.0399","168279300","n/a","n/a","Energy","Oil & Gas Production","http://www.nasdaq.com/symbol/lgcyo",
"LGCYP","Legacy Reserves LP","24.25","48500000","n/a","n/a","Energy","Oil & Gas Production","http://www.nasdaq.com/symbol/lgcyp",
"LLEX","Lilis Energy, Inc.","1.6","44366123.2","n/a","n/a","Energy","Oil & Gas Production","http://www.nasdaq.com/symbol/llex",
"LNCO","Linn Co, LLC","23.87","3068349433.38","n/a","2012","Energy","Oil & Gas Production","http://www.nasdaq.com/symbol/lnco",
"LINE","Linn Energy, LLC","25.51","8462413065.46","n/a","2006","Energy","Oil & Gas Production","http://www.nasdaq.com/symbol/line",
"LRE","LRR Energy, L.P.","17.18","471584110.82","n/a","2011","Energy","Oil & Gas Production","http://www.nasdaq.com/symbol/lre",
"LEI","Lucas Energy, Inc.","0.3999","13367330.9316","n/a","n/a","Energy","Oil & Gas Production","http://www.nasdaq.com/symbol/lei",
"MIC","Macquarie Infrastructure Company LLC","67.29","4710390706.92","n/a","2004","Energy","Oil Refining/Marketing","http://www.nasdaq.com/symbol/mic",
"MMP","Magellan Midstream Partners L.P.","81.26","18451566563.82","n/a","n/a","Energy","Natural Gas Distribution","http://www.nasdaq.com/symbol/mmp",
"MPET","Magellan Petroleum Corporation","1.847","84198778.966","n/a","n/a","Energy","Oil & Gas Production","http://www.nasdaq.com/symbol/mpet",
"MHR","Magnum Hunter Resources Corporation","4.68","934258338","n/a","n/a","Energy","Oil & Gas Production","http://www.nasdaq.com/symbol/mhr",
"MRO","Marathon Oil Corporation","34.73","23424843212","n/a","n/a","Energy","Oil & Gas Production","http://www.nasdaq.com/symbol/mro",
"MPC","Marathon Petroleum Corporation","84.53","23949475183.09","n/a","n/a","Energy","Integrated oil Companies","http://www.nasdaq.com/symbol/mpc",
"MARPS","Marine Petroleum Trust","15.5","31000000","n/a","n/a","Energy","Oil & Gas Production","http://www.nasdaq.com/symbol/marps",
"MWE","MarkWest Energy Partners, LP","71.51","13514967947.98","n/a","2002","Energy","Oil & Gas Production","http://www.nasdaq.com/symbol/mwe",
"MMLP","Martin Midstream Partners L.P.","36.43","1162106034.57","n/a","2002","Energy","Oil Refining/Marketing","http://www.nasdaq.com/symbol/mmlp",
"MTDR","Matador Resources Company","23.31","1709539432.65","n/a","2012","Energy","Oil & Gas Production","http://www.nasdaq.com/symbol/mtdr",
"MEMP","Memorial Production Partners LP","21.6","2037944167.2","n/a","2011","Energy","Oil & Gas Production","http://www.nasdaq.com/symbol/memp",
"MRD","Memorial Resource Development Corp.","25.84","5001808024.48","n/a","2014","Energy","Oil & Gas Production","http://www.nasdaq.com/symbol/mrd",
"MTR","Mesa Royalty Trust","30.95","57678110.5","n/a","n/a","Energy","Oil & Gas Production","http://www.nasdaq.com/symbol/mtr",
"MXC","Mexco Energy Corporation","5.93","12086917.38","n/a","n/a","Energy","Oil & Gas Production","http://www.nasdaq.com/symbol/mxc",
"MGEE","MGE Energy Inc.","41.42","1435963885.4","n/a","n/a","Energy","Electric Utilities: Central","http://www.nasdaq.com/symbol/mgee",
"MCEP","Mid-Con Energy Partners, LP","19.29","407569073.64","n/a","2011","Energy","Oil & Gas Production","http://www.nasdaq.com/symbol/mcep",
"MPO","Midstates Petroleum Company, Inc.","3.21","226862808.12","n/a","2012","Energy","Oil & Gas Production","http://www.nasdaq.com/symbol/mpo",
"MILL","Miller Energy Resources, Inc.","3.81","176599104.51","n/a","n/a","Energy","Oil & Gas Production","http://www.nasdaq.com/symbol/mill",
"MPLX","MPLX LP","58.29","4308709889.61","n/a","2012","Energy","Natural Gas Distribution","http://www.nasdaq.com/symbol/mplx",
"MUR","Murphy Oil Corporation","53.04","9418393526.88","n/a","n/a","Energy","Integrated oil Companies","http://www.nasdaq.com/symbol/mur",
"MVO","MV Oil Trust","23.62","271630000","n/a","2007","Energy","Oil & Gas Production","http://www.nasdaq.com/symbol/mvo",
"NBR","Nabors Industries Ltd.","18.99","5692133337.75","n/a","n/a","Energy","Oil & Gas Production","http://www.nasdaq.com/symbol/nbr",
"NOV","National Oilwell Varco, Inc.","73.65","31687076498.85","n/a","n/a","Energy","Metal Fabrications","http://www.nasdaq.com/symbol/nov",
"NGS","Natural Gas Services Group, Inc.","24.16","302468824.8","n/a","2002","Energy","Oilfield Services/Equipment","http://www.nasdaq.com/symbol/ngs",
"NRP","Natural Resource Partners LP","12.61","1402869082.42","n/a","2002","Energy","Coal Mining","http://www.nasdaq.com/symbol/nrp",
"GBR","New Concept Energy, Inc","1.33","2589422.22","n/a","n/a","Energy","Oil & Gas Production","http://www.nasdaq.com/symbol/gbr",
"NSLP","New Source Energy Partners L.P.","22.5","397021072.5","n/a","2013","Energy","Oil & Gas Production","http://www.nasdaq.com/symbol/nslp",
"NFX","Newfield Exploration Company","29.41","4018974258.84","n/a","1993","Energy","Oil & Gas Production","http://www.nasdaq.com/symbol/nfx",
"NR","Newpark Resources, Inc.","10.88","910306762.88","n/a","n/a","Energy","Metal Fabrications","http://www.nasdaq.com/symbol/nr",
"NGL","NGL ENERGY PARTNERS LP","37.04","3314514769.6","n/a","2011","Energy","Oil Refining/Marketing","http://www.nasdaq.com/symbol/ngl",
"NE","Noble Corporation","20.78","5283536203.1","n/a","n/a","Energy","Oil & Gas Production","http://www.nasdaq.com/symbol/ne",
"NBL","Noble Energy Inc.","58.48","21154105488.8","n/a","n/a","Energy","Oil & Gas Production","http://www.nasdaq.com/symbol/nbl",
"NOA","North American Energy Partners, Inc.","5.63","199324610.08","n/a","2006","Energy","Oilfield Services/Equipment","http://www.nasdaq.com/symbol/noa",
"NADL","North Atlantic Drilling Ltd.","5.98","1442033052.98","n/a","2014","Energy","Oil & Gas Production","http://www.nasdaq.com/symbol/nadl",
"NRT","North European Oil Royality Trust","19.27","177102669.3","n/a","n/a","Energy","Oil & Gas Production","http://www.nasdaq.com/symbol/nrt",
"NOG","Northern Oil and Gas, Inc.","11.15","680461765.15","n/a","n/a","Energy","Oil & Gas Production","http://www.nasdaq.com/symbol/nog",
"NTI","Northern Tier Energy LP","24.61","2281707315.01","n/a","2012","Energy","Integrated oil Companies","http://www.nasdaq.com/symbol/nti",
"DNOW","NOW Inc.","29.09","3114308434.82","n/a","2014","Energy","Metal Fabrications","http://www.nasdaq.com/symbol/dnow",
"NS","Nustar Energy L.P.","65.02","5064152791.56","n/a","n/a","Energy","Natural Gas Distribution","http://www.nasdaq.com/symbol/ns",
"NSH","Nustar GP Holdings, LLC","42.04","1795427798.28","n/a","n/a","Energy","Natural Gas Distribution","http://www.nasdaq.com/symbol/nsh",
"NSS","NuStar Logistics, L.P.","26.64","0","n/a","n/a","Energy","Natural Gas Distribution","http://www.nasdaq.com/symbol/nss",
"NES","Nuverra Environmental Solutions, Inc.","9.61","256886168.91","n/a","n/a","Energy","Oilfield Services/Equipment","http://www.nasdaq.com/symbol/nes",
"OAS","Oasis Petroleum Inc.","30.93","3128691859.08","n/a","2010","Energy","Oil & Gas Production","http://www.nasdaq.com/symbol/oas",
"OXY","Occidental Petroleum Corporation","91.01","70953970672.9","n/a","n/a","Energy","Oil & Gas Production","http://www.nasdaq.com/symbol/oxy",
"ORIG","Ocean Rig UDW Inc.","14.02","1850880835.56","n/a","n/a","Energy","Oil & Gas Production","http://www.nasdaq.com/symbol/orig",
"OII","Oceaneering International, Inc.","65.5","7074624084","n/a","n/a","Energy","Oilfield Services/Equipment","http://www.nasdaq.com/symbol/oii",
"OIS","Oil States International, Inc.","60.04","3247012612.92","n/a","2001","Energy","Metal Fabrications","http://www.nasdaq.com/symbol/ois",
"OILT","Oiltanking Partners, L.P.","45.81","2026116380.52","n/a","2011","Energy","Natural Gas Distribution","http://www.nasdaq.com/symbol/oilt",
"OXF","Oxford Resource Partners, LP","1.02","21428485.38","n/a","2010","Energy","Coal Mining","http://www.nasdaq.com/symbol/oxf",
"ROYT","Pacific Coast Oil Trust","9.25","356894211.5","n/a","2012","Energy","Oil & Gas Production","http://www.nasdaq.com/symbol/royt",
"PACD","Pacific Drilling S.A.","7.63","1658159230","n/a","2011","Energy","Oil & Gas Production","http://www.nasdaq.com/symbol/pacd",
"PHX","Panhandle Royalty Company","20.31","669306138.72","n/a","n/a","Energy","Oil & Gas Production","http://www.nasdaq.com/symbol/phx",
"PARR","Par Petroleum Corporation","15.65","573594816.9","n/a","n/a","Energy","Oil & Gas Production","http://www.nasdaq.com/symbol/parr",
"PGN","Paragon Offshore plc","5.01","424614498.93","n/a","2014","Energy","Oil & Gas Production","http://www.nasdaq.com/symbol/pgn",
"PKD","Parker Drilling Company","4.85","590449500.25","n/a","n/a","Energy","Oil & Gas Production","http://www.nasdaq.com/symbol/pkd",
"PE","Parsley Energy, Inc.","17.49","2204649882.27","n/a","2014","Energy","Oil & Gas Production","http://www.nasdaq.com/symbol/pe",
"PTEN","Patterson-UTI Energy, Inc.","25.81","3771732245.11","n/a","1993","Energy","Oil & Gas Production","http://www.nasdaq.com/symbol/pten",
"PBF","PBF Energy Inc.","24.05","2332008971.5","n/a","2012","Energy","Integrated oil Companies","http://www.nasdaq.com/symbol/pbf",
"PBFX","PBF Logistics LP","25.21","801000002.26","n/a","2014","Energy","Natural Gas Distribution","http://www.nasdaq.com/symbol/pbfx",
"PDCE","PDC Energy, Inc.","43.67","1566471940.55","n/a","n/a","Energy","Oil & Gas Production","http://www.nasdaq.com/symbol/pdce",
"BTU","Peabody Energy Corporation","10.43","2831371063.64","n/a","2001","Energy","Coal Mining","http://www.nasdaq.com/symbol/btu",
"PED","Pedevco Corp.","0.9911","28854639.6072","n/a","n/a","Energy","Oil & Gas Production","http://www.nasdaq.com/symbol/ped",
"PBA","Pembina Pipeline Corp.","41.46","13546123518.18","n/a","n/a","Energy","Oil & Gas Production","http://www.nasdaq.com/symbol/pba",
"PGH","Pengrowth Energy Corporation","4.12","2184211543.96","n/a","n/a","Energy","Oil & Gas Production","http://www.nasdaq.com/symbol/pgh",
"PVA","Penn Virginia Corporation","8.01","572557883.85","n/a","n/a","Energy","Oil & Gas Production","http://www.nasdaq.com/symbol/pva",
"PWE","Penn West Petroleum Ltd","4.9","2425509123.8","n/a","n/a","Energy","Oil & Gas Production","http://www.nasdaq.com/symbol/pwe",
"PBT","Permian Basin Royalty Trust","12.45","580279510.2","n/a","n/a","Energy","Oil & Gas Production","http://www.nasdaq.com/symbol/pbt",
"PZE","Petrobras Argentina S.A.","6.13","1237647000","n/a","n/a","Energy","Oil & Gas Production","http://www.nasdaq.com/symbol/pze",
"PTR","PetroChina Company Limited","124.03","227000918765.34","n/a","n/a","Energy","Oil & Gas Production","http://www.nasdaq.com/symbol/ptr",
"PBR","Petroleo Brasileiro S.A.- Petrobras","12.11","78984428911.15","n/a","n/a","Energy","Oil & Gas Production","http://www.nasdaq.com/symbol/pbr",
"PBR/A","Petroleo Brasileiro S.A.- Petrobras","12.36","0","n/a","n/a","Energy","Oil & Gas Production","http://www.nasdaq.com/symbol/pbr/a",
"PQ","Petroquest Energy Inc","4.47","295438986.51","n/a","n/a","Energy","Oil & Gas Production","http://www.nasdaq.com/symbol/pq",
"PSX","Phillips 66","76.12","42542593990.16","n/a","n/a","Energy","Integrated oil Companies","http://www.nasdaq.com/symbol/psx",
"PSXP","Phillips 66 Partners LP","65.83","4869104034.77","n/a","2013","Energy","Integrated oil Companies","http://www.nasdaq.com/symbol/psxp",
"PES","Pioneer Energy Services Corp.","11.61","733758617.7","n/a","n/a","Energy","Oil & Gas Production","http://www.nasdaq.com/symbol/pes",
"PXD","Pioneer Natural Resources Company","183.94","26321518224.48","n/a","n/a","Energy","Oil & Gas Production","http://www.nasdaq.com/symbol/pxd",
"PAA","Plains All American Pipeline, L.P.","56.13","20708652885.39","n/a","1998","Energy","Natural Gas Distribution","http://www.nasdaq.com/symbol/paa",
"PAGP","Plains Group Holdings, L.P.","28.1","17029436621.3","n/a","2013","Energy","Natural Gas Distribution","http://www.nasdaq.com/symbol/pagp",
"PLUG","Plug Power, Inc.","4.3","719583818.2","n/a","1999","Energy","Industrial Machinery/Components","http://www.nasdaq.com/symbol/plug",
"PSTR","PostRock Energy Corporation","0.76","23409431.84","n/a","n/a","Energy","Oil & Gas Production","http://www.nasdaq.com/symbol/pstr",
"PSIX","Power Solutions International, Inc.","61.02","654636106.44","n/a","n/a","Energy","Industrial Machinery/Components","http://www.nasdaq.com/symbol/psix",
"PDS","Precision Drilling Corporation","9.03","2643664843.68","n/a","n/a","Energy","Oil & Gas Production","http://www.nasdaq.com/symbol/pds",
"PNRG","PrimeEnergy Corporation","64.13","151192952.13","n/a","n/a","Energy","Oil & Gas Production","http://www.nasdaq.com/symbol/pnrg",
"QEP","QEP Resources, Inc.","24.53","4417644176.11","n/a","n/a","Energy","Oil & Gas Production","http://www.nasdaq.com/symbol/qep",
"QRE","QR Energy, LP","16.57","1076617059.04","n/a","2010","Energy","Oil & Gas Production","http://www.nasdaq.com/symbol/qre",
"KWK","Quicksilver Resources Inc.","0.624","112305087.024","n/a","n/a","Energy","Oil & Gas Production","http://www.nasdaq.com/symbol/kwk",
"RRC","Range Resources Corporation","68.61","11574340140.48","n/a","n/a","Energy","Oil & Gas Production","http://www.nasdaq.com/symbol/rrc",
"RCON","Recon Technology, Ltd.","4.99","23586287.89","n/a","2009","Energy","Oilfield Services/Equipment","http://www.nasdaq.com/symbol/rcon",
"RGP","Regency Energy Partners LP","31.52","12733390027.2","n/a","n/a","Energy","Oil & Gas Production","http://www.nasdaq.com/symbol/rgp",
"REN           ","Resolute Energy Corporation","3.74","291321686.26","n/a","n/a","Energy","Oil & Gas Production","http://www.nasdaq.com/symbol/ren           ",
"REXX","Rex Energy Corporation","8.68","469573408.92","n/a","2007","Energy","Oil & Gas Production","http://www.nasdaq.com/symbol/rexx",
"RNO","Rhino Resource Partners LP","3.88","112824393.76","n/a","2010","Energy","Coal Mining","http://www.nasdaq.com/symbol/rno",
"RICE","Rice Energy Inc.","25.2","3433904157.6","n/a","2014","Energy","Oil & Gas Production","http://www.nasdaq.com/symbol/rice",
"REI","Ring Energy, Inc.","14.73","378726241.14","n/a","n/a","Energy","Oil & Gas Production","http://www.nasdaq.com/symbol/rei",
"RRMS","Rose Rock Midstream, L.P.","53.49","1749880257.93","n/a","2011","Energy","Natural Gas Distribution","http://www.nasdaq.com/symbol/rrms",
"ROSE","Rosetta Resources Inc.","37.7","2317835132.6","n/a","n/a","Energy","Oil & Gas Production","http://www.nasdaq.com/symbol/rose",
"RDC","Rowan Companies plc","23.84","2968009815.04","n/a","n/a","Energy","Oil & Gas Production","http://www.nasdaq.com/symbol/rdc",
"ROYL","Royale Energy, Inc.","2.66","39747656.48","n/a","n/a","Energy","Oil & Gas Production","http://www.nasdaq.com/symbol/royl",
"RES","RPC, Inc.","17.17","3757362678.68","n/a","n/a","Energy","Oilfield Services/Equipment","http://www.nasdaq.com/symbol/res",
"RSPP","RSP Permian, Inc.","24.51","1894418758.17","n/a","2014","Energy","Oil & Gas Production","http://www.nasdaq.com/symbol/rspp",
"SBR","Sabine Royalty Trust","51.04","744129768.8","n/a","n/a","Energy","Oil & Gas Production","http://www.nasdaq.com/symbol/sbr",
"SAEX","SAExploration Holdings, Inc.","6.95","103350315.55","n/a","n/a","Energy","Oil & Gas Production","http://www.nasdaq.com/symbol/saex",
"SSN","Samson Oil & Gas Limited","0.3","42566714.1","n/a","n/a","Energy","Oil & Gas Production","http://www.nasdaq.com/symbol/ssn",
"SJT","San Juan Basin Royalty Trust","17.51","816120017.96","n/a","n/a","Energy","Oil & Gas Production","http://www.nasdaq.com/symbol/sjt",
"SN","Sanchez Energy Corporation","18.86","1101320232.28","n/a","2011","Energy","Oil & Gas Production","http://www.nasdaq.com/symbol/sn",
"SD","Sandridge Energy Inc.","4.08","2015631714.48","n/a","2007","Energy","Oil & Gas Production","http://www.nasdaq.com/symbol/sd",
"SDT","SandRidge Mississippian Trust I","4.26","119280000","n/a","2011","Energy","Oil & Gas Production","http://www.nasdaq.com/symbol/sdt",
"SDR","SandRidge Mississippian Trust II","5.45","271001250","n/a","2012","Energy","Oil & Gas Production","http://www.nasdaq.com/symbol/sdr",
"PER","SandRidge Permian Trust","9.71","509775000","n/a","2011","Energy","Oil & Gas Production","http://www.nasdaq.com/symbol/per",
"SARA","Saratoga Resources Inc","0.845","26183677.845","n/a","n/a","Energy","Oil & Gas Production","http://www.nasdaq.com/symbol/sara",
"SSL","Sasol Ltd.","50.75","33159478098.25","n/a","n/a","Energy","Oil & Gas Production","http://www.nasdaq.com/symbol/ssl",
"SLB","Schlumberger N.V.","98.26","127387831624.08","n/a","n/a","Energy","Oilfield Services/Equipment","http://www.nasdaq.com/symbol/slb",
"SDRL","Seadrill Limited","24.14","11902919431.76","n/a","n/a","Energy","Oil & Gas Production","http://www.nasdaq.com/symbol/sdrl",
"SDLP","Seadrill Partners LLC","29.05","2435017480","n/a","2012","Energy","Oil & Gas Production","http://www.nasdaq.com/symbol/sdlp",
"SEMG","Semgroup Corporation","76.75","3272847563.75","n/a","n/a","Energy","Oilfield Services/Equipment","http://www.nasdaq.com/symbol/semg",
"SEV","Sevcon, Inc.","7.28","26024289.2","n/a","n/a","Energy","Industrial Machinery/Components","http://www.nasdaq.com/symbol/sev",
"SSE","Seventy Seven Energy Inc.","15.59","751108910.69","n/a","2014","Energy","Oilfield Services/Equipment","http://www.nasdaq.com/symbol/sse",
"SM","SM Energy Company","61.27","4127872759.34","n/a","n/a","Energy","Oil & Gas Production","http://www.nasdaq.com/symbol/sm",
"SOQ","Sonde Resources Corp","0.12","6726355.56","n/a","n/a","Energy","Oil & Gas Production","http://www.nasdaq.com/symbol/soq",
"SWN","Southwestern Energy Company","33.25","11742561321.75","n/a","n/a","Energy","Oil & Gas Production","http://www.nasdaq.com/symbol/swn",
"SRLP","Sprague Resources LP","24.39","491946885.36","n/a","2013","Energy","Oil Refining/Marketing","http://www.nasdaq.com/symbol/srlp",
"STO","Statoil ASA","23.68","75507163399.04","n/a","n/a","Energy","Integrated oil Companies","http://www.nasdaq.com/symbol/sto",
"SGY","Stone Energy Corporation","25.24","1418025123.64","n/a","1993","Energy","Oil & Gas Production","http://www.nasdaq.com/symbol/sgy",
"SU","Suncor Energy  Inc.","34.66","50522010152.04","n/a","n/a","Energy","Integrated oil Companies","http://www.nasdaq.com/symbol/su",
"SXL","Sunoco Logistics Partners LP","46.32","9864463252.08","n/a","2002","Energy","Natural Gas Distribution","http://www.nasdaq.com/symbol/sxl",
"SDPI","Superior Drilling Products, Inc.","5.15","89051976.9","n/a","2014","Energy","Metal Fabrications","http://www.nasdaq.com/symbol/sdpi",
"SPN","Superior Energy Services, Inc.","25.71","3976864347.36","n/a","n/a","Energy","Oilfield Services/Equipment","http://www.nasdaq.com/symbol/spn",
"SUSP","Susser Petroleum Partners LP","45.31","995016662","n/a","2012","Energy","Oil Refining/Marketing","http://www.nasdaq.com/symbol/susp",
"SFY","Swift Energy Company","6.86","300785487.66","n/a","n/a","Energy","Oil & Gas Production","http://www.nasdaq.com/symbol/sfy",
"SYRG","Synergy Resources Corporation","10.89","845239917.06","n/a","n/a","Energy","Oil & Gas Production","http://www.nasdaq.com/symbol/syrg",
"TLM","Talisman Energy Inc.","6.71","6952674047.88","n/a","n/a","Energy","Oil & Gas Production","http://www.nasdaq.com/symbol/tlm",
"TGC","Tengasco, Inc.","0.455","27683297.915","n/a","n/a","Energy","Oil & Gas Production","http://www.nasdaq.com/symbol/tgc",
"TESO","Tesco Corporation","17.78","712725381.76","n/a","n/a","Energy","Metal Fabrications","http://www.nasdaq.com/symbol/teso",
"TSO","Tesoro Corporation","65.29","8372749903.68","n/a","n/a","Energy","Integrated oil Companies","http://www.nasdaq.com/symbol/tso",
"TLLP","Tesoro Logistics LP","57.95","3188744820.25","n/a","2011","Energy","Natural Gas Distribution","http://www.nasdaq.com/symbol/tllp",
"TTI","Tetra Technologies, Inc.","9.55","759710073.15","n/a","n/a","Energy","Oil & Gas Production","http://www.nasdaq.com/symbol/tti",
"TGE","TGC Industries, Inc.","3.39","74434796.13","n/a","n/a","Energy","Oil & Gas Production","http://www.nasdaq.com/symbol/tge",
"THR","Thermon Group Holdings, Inc.","22.9","732714079.2","n/a","2011","Energy","Industrial Machinery/Components","http://www.nasdaq.com/symbol/thr",
"TRCH","Torchlight Energy Resources, Inc.","2.07","42252092.73","n/a","n/a","Energy","Oil & Gas Production","http://www.nasdaq.com/symbol/trch",
"TOT","TotalFinaElf, S.A.","57.7","137560214455.2","n/a","n/a","Energy","Oil & Gas Production","http://www.nasdaq.com/symbol/tot",
"TAT","Transatlantic Petroleum Ltd","7.37","276251965.22","n/a","n/a","Energy","Oil & Gas Production","http://www.nasdaq.com/symbol/tat",
"TGA","Transglobe Energy Corp","4.78","359542809.58","n/a","n/a","Energy","Oil & Gas Production","http://www.nasdaq.com/symbol/tga",
"TLP","Transmontaigne Partners L.P.","40.45","652238694.7","n/a","2005","Energy","Natural Gas Distribution","http://www.nasdaq.com/symbol/tlp",
"RIG","Transocean Ltd.","30.47","11035903370.03","n/a","n/a","Energy","Oil & Gas Production","http://www.nasdaq.com/symbol/rig",
"RIGP","Transocean Partners LLC","26.05","1796551717.85","n/a","2014","Energy","Oil & Gas Production","http://www.nasdaq.com/symbol/rigp",
"TREC","Trecora Resources","12.19","294567693","n/a","n/a","Energy","Integrated oil Companies","http://www.nasdaq.com/symbol/trec",
"TPLM","Triangle Petroleum Corporation","8.24","710707457.2","n/a","n/a","Energy","Oil & Gas Production","http://www.nasdaq.com/symbol/tplm",
"USEG","U.S. Energy Corp.","2.7","75321081.9","n/a","n/a","Energy","Oil & Gas Production","http://www.nasdaq.com/symbol/useg",
"UPL","Ultra Petroleum Corp.","23.05","3531622945.3","n/a","n/a","Energy","Oil & Gas Production","http://www.nasdaq.com/symbol/upl",
"UNT","Unit Corporation","49.89","2473722960.27","n/a","n/a","Energy","Oil & Gas Production","http://www.nasdaq.com/symbol/unt",
"EGY","Vaalco Energy Inc","8.31","473321877.48","n/a","n/a","Energy","Oil & Gas Production","http://www.nasdaq.com/symbol/egy",
"VLO","Valero Energy Corporation","48.01","25347519665.34","n/a","n/a","Energy","Integrated oil Companies","http://www.nasdaq.com/symbol/vlo",
"VLP","Valero Energy Partners LP","42.5","2447370405","n/a","2013","Energy","Natural Gas Distribution","http://www.nasdaq.com/symbol/vlp",
"VNR","Vanguard Natural Resources LLC","26.32","2186026866.24","n/a","n/a","Energy","Oil & Gas Production","http://www.nasdaq.com/symbol/vnr",
"VNRAP","Vanguard Natural Resources LLC","25","0","n/a","n/a","Energy","Oil & Gas Production","http://www.nasdaq.com/symbol/vnrap",
"VNRBP","Vanguard Natural Resources LLC","23.95","167650000","n/a","n/a","Energy","Oil & Gas Production","http://www.nasdaq.com/symbol/vnrbp",
"VTG","Vantage Drilling Company","0.9747","298453546.4499","n/a","n/a","Energy","Oil & Gas Production","http://www.nasdaq.com/symbol/vtg",
"VET","Vermilion Energy Inc.","59.16","6325461386.64","n/a","n/a","Energy","Oil & Gas Production","http://www.nasdaq.com/symbol/vet",
"VNOM","Viper Energy Partners LP","21.6","1645920000","n/a","2014","Energy","Oil & Gas Production","http://www.nasdaq.com/symbol/vnom",
"VOC","VOC Energy Trust","9.95","169150000","n/a","2011","Energy","Oil & Gas Production","http://www.nasdaq.com/symbol/voc",
"VTTI","VTTI Energy Partners LP","26.04","1048110000","n/a","2014","Energy","Oil Refining/Marketing","http://www.nasdaq.com/symbol/vtti",
"WTI","W&T Offshore, Inc.","9.28","702092858.24","n/a","2005","Energy","Oil & Gas Production","http://www.nasdaq.com/symbol/wti",
"WLT","Walter Energy, Inc.","2.25","148112923.5","n/a","n/a","Energy","Coal Mining","http://www.nasdaq.com/symbol/wlt",
"WRES","Warren Resources, Inc.","3.48","281003767.32","n/a","2004","Energy","Oil & Gas Production","http://www.nasdaq.com/symbol/wres",
"WFT","Weatherford International plc","16.87","13047659927.75","n/a","n/a","Energy","Oil & Gas Production","http://www.nasdaq.com/symbol/wft",
"WNRL","Western Refining Logistics, LP","31.6","1441655200","n/a","2013","Energy","Natural Gas Distribution","http://www.nasdaq.com/symbol/wnrl",
"WNR","Western Refining, Inc.","43.94","4441779037.8","n/a","2006","Energy","Integrated oil Companies","http://www.nasdaq.com/symbol/wnr",
"WLB","Westmoreland Coal Company","33.46","569095074.66","n/a","n/a","Energy","Coal Mining","http://www.nasdaq.com/symbol/wlb",
"WLBPZ","Westmoreland Coal Company","60.55","22527324.75","n/a","n/a","Energy","Coal Mining","http://www.nasdaq.com/symbol/wlbpz",
"WPRT","Westport Innovations Inc","5.99","378427103.22","n/a","n/a","Energy","Industrial Machinery/Components","http://www.nasdaq.com/symbol/wprt",
"WLL","Whiting Petroleum Corporation","63.4","7543456581","n/a","2003","Energy","Oil & Gas Production","http://www.nasdaq.com/symbol/wll",
"WHX","Whiting USA Trust I","2.63","36462028.07","n/a","2008","Energy","Oil & Gas Production","http://www.nasdaq.com/symbol/whx",
"WHZ","Whiting USA Trust II","11.89","218776000","n/a","2012","Energy","Oil & Gas Production","http://www.nasdaq.com/symbol/whz",
"WG","Willbros Group, Inc.","5.19","262393601.46","n/a","1996","Energy","Oilfield Services/Equipment","http://www.nasdaq.com/symbol/wg",
"WWD","Woodward, Inc.","48.5","3176286000.5","n/a","n/a","Energy","Industrial Machinery/Components","http://www.nasdaq.com/symbol/wwd",
"INT","World Fuel Services Corporation","39.39","2847187980","n/a","n/a","Energy","Oil Refining/Marketing","http://www.nasdaq.com/symbol/int",
"WPT","World Point Terminals, LP","18.95","631243715.3","n/a","2013","Energy","Oil Refining/Marketing","http://www.nasdaq.com/symbol/wpt",
"WPX","WPX Energy, Inc.","19.16","3888004296.8","n/a","2011","Energy","Oil & Gas Production","http://www.nasdaq.com/symbol/wpx",
"YZC","Yanzhou Coal Mining Company Limited","7.87","3870780800","n/a","1998","Energy","Coal Mining","http://www.nasdaq.com/symbol/yzc",
"YPF","YPF Sociedad Anonima","32.12","12633206911.16","n/a","1993","Energy","Integrated oil Companies","http://www.nasdaq.com/symbol/ypf",
"ZAZA","ZaZa Energy Corporation","3.65","4326845.05","n/a","n/a","Energy","Oil & Gas Production","http://www.nasdaq.com/symbol/zaza",
"ZN","Zion Oil & Gas Inc","1.78","62157612.46","n/a","n/a","Energy","Oil & Gas Production","http://www.nasdaq.com/symbol/zn",

